Parameter,Median,Std,16th,84th,R-hat,Bulk_ESS,Tail_ESS
# hurin 0.1.68 | pyhurin.py --KOI-518.02 --chains=8 --fresh
b,5.0097846985e-01,2.6351597905e-01,1.7403328359e-01,7.8626598120e-01,1.0057377515101265,1244,1728
k,2.2851210088e-02,1.5599308535e-03,2.1954370886e-02,2.4729209766e-02,1.0046091476961865,1519,1804
T14,2.1288418770e-01,7.7092312276e-03,2.0680803120e-01,2.2117170513e-01,1.004120392034607,2079,1831
q1,4.2547389865e-01,2.3778435588e-01,2.0147038877e-01,7.2719226360e-01,1.0013381266695782,3231,2822
q2,3.8116979599e-01,2.6384639740e-01,1.3224142969e-01,7.2231691122e-01,1.0040679828170007,3579,3919
log10_rho,3.2984828949e+00,3.0922788382e-01,2.8688943481e+00,3.4652163792e+00,,,
tau_-15,2.1076918602e+02,5.3666369950e-03,2.1076434717e+02,2.1077451830e+02,1.0004422152520993,7935,4715
tau_-13,2.9877298830e+02,1.0567232632e-02,2.9876206690e+02,2.9878267252e+02,1.002606146945307,7032,4551
tau_-11,3.8675216715e+02,9.4334931670e-03,3.8674354692e+02,3.8676316180e+02,1.000651569542554,6661,5581
tau_-10,4.3077824981e+02,1.0648073506e-02,4.3076366764e+02,4.3078612272e+02,1.0034350998153763,4425,5744
tau_-9,4.7476139154e+02,5.9671619806e-03,4.7475544186e+02,4.7476685179e+02,1.0022184340479239,7896,4463
tau_-8,5.1876805930e+02,6.5334170615e-03,5.1876207012e+02,5.1877455637e+02,1.0022695438211051,8113,4505
tau_-7,5.6274754878e+02,1.3250984276e-02,5.6273320134e+02,5.6276024437e+02,1.0015172786646978,6283,5974
tau_-6,6.0676759183e+02,8.8465671394e-03,6.0676044694e+02,6.0677529402e+02,1.0018416380726458,4933,2278
tau_-5,6.5076989565e+02,8.5823504924e-03,6.5076016999e+02,6.5077799976e+02,1.0010416382332363,7677,5658
tau_-4,6.9476303103e+02,2.3749859980e-02,6.9473753349e+02,6.9479173362e+02,1.001032639490592,2389,7482
tau_-3,7.3876865635e+02,8.4458471094e-03,7.3876194661e+02,7.3877592752e+02,1.001209854769465,6692,2264
tau_-2,7.8276339364e+02,6.9950666435e-03,7.8275656069e+02,7.8276998141e+02,1.0015143453235111,7223,4427
tau_-1,8.2677281397e+02,1.1127134144e-02,8.2676181130e+02,8.2678355062e+02,1.000023414188245,6346,4237
tau_0,8.7076459807e+02,6.4999265322e-03,8.7075880245e+02,8.7077069059e+02,1.0029791445039034,7266,4704
tau_2,9.5877200278e+02,7.5701729230e-03,9.5876471185e+02,9.5877933721e+02,1.0028382441832306,6829,4682
tau_3,1.0027742012e+03,6.1667039440e-03,1.0027685075e+03,1.0027803424e+03,1.002176038924454,7484,4242
tau_4,1.0467689053e+03,6.7038197686e-03,1.0467621464e+03,1.0467752046e+03,1.0017136796426067,7931,4801
tau_5,1.0907676663e+03,1.9342857263e-02,1.0907477788e+03,1.0907797878e+03,1.0011191016445766,4269,1532
tau_6,1.1347640625e+03,1.1781977139e-02,1.1347527394e+03,1.1347765118e+03,1.00113985163566,7038,4698
tau_8,1.2227734080e+03,5.5009125490e-03,1.2227676840e+03,1.2227782787e+03,1.0010431178628694,7342,4543
tau_9,1.2667708872e+03,4.8492367459e-03,1.2667659017e+03,1.2667750936e+03,1.0019918569756174,6552,3936
tau_10,1.3107679859e+03,1.4969121013e-02,1.3107531064e+03,1.3107818148e+03,1.0014793543037173,7403,4859
tau_11,1.3547730313e+03,7.7049608458e-03,1.3547654956e+03,1.3547805895e+03,1.0009112307593553,8132,5231
tau_12,1.3987772923e+03,6.7808529771e-03,1.3987711902e+03,1.3987839040e+03,1.0000515744520508,7285,4129
tau_13,1.4427692651e+03,8.8157717615e-03,1.4427600535e+03,1.4427764817e+03,1.0004808225641513,7045,3468
tau_15,1.5307700942e+03,6.5660700662e-03,1.5307637879e+03,1.5307766347e+03,1.0009789034538867,7708,5317
tau_16,1.5747661518e+03,7.8115780221e-03,1.5747588731e+03,1.5747739434e+03,1.0018822698634555,5883,3704
c0,-15,-3.2689380168e-04,1.3271567241e-06,-3.2823538524e-04,-3.2560194959e-04,,,
c0,-13,-2.4478785235e-05,1.3033605910e-06,-2.5777142655e-05,-2.3281785616e-05,,,
c0,-11,-1.0377542276e-04,1.5227126369e-06,-1.0527905193e-04,-1.0241738812e-04,,,
c1,-11,-8.2840539108e-05,1.4579485423e-06,-8.4175048978e-05,-8.1202164292e-05,,,
c0,-10,-1.9119532953e-04,1.4879415176e-06,-1.9267491240e-04,-1.8988108088e-04,,,
c1,-10,-6.9253565016e-05,1.7875306639e-06,-7.1807980712e-05,-6.7943661707e-05,,,
c0,-9,-1.9568916468e-04,4.7860571613e-06,-2.0044429577e-04,-1.9136634830e-04,,,
c1,-9,-1.8308797007e-04,7.2407410698e-06,-1.9007241237e-04,-1.7605034634e-04,,,
c0,-8,2.0356344612e-04,1.3472435967e-06,2.0221270039e-04,2.0474048913e-04,,,
c1,-8,-6.2816336140e-05,9.5152199719e-07,-6.3845660479e-05,-6.1958054139e-05,,,
c0,-7,2.8258802558e-05,1.4890099465e-06,2.6792113786e-05,2.9589584883e-05,,,
c1,-7,5.8908188294e-05,1.9104998046e-06,5.6982167007e-05,6.0680675670e-05,,,
c0,-6,4.3524173634e-06,1.6581211639e-06,2.7342063640e-06,5.9499488816e-06,,,
c1,-6,1.0351674064e-04,1.0481375057e-06,1.0250021616e-04,1.0428016103e-04,,,
c0,-5,1.7602756998e-05,1.8736739094e-06,1.5834665464e-05,1.9645817447e-05,,,
c1,-5,7.7520899140e-06,1.0203674492e-06,6.6613308081e-06,8.6393520905e-06,,,
c2,-5,-8.2160193415e-05,4.7778967200e-06,-8.7398527830e-05,-7.7605430270e-05,,,
c3,-5,7.6557553257e-05,2.9720379189e-06,7.3934048414e-05,7.9494708625e-05,,,
c4,-5,6.1701746745e-05,6.2705571509e-06,5.5706248677e-05,6.8444097124e-05,,,
c0,-4,-1.1635533519e-04,2.7258724913e-06,-1.1908565939e-04,-1.1323467566e-04,,,
c1,-4,-8.3665920101e-05,2.2325427835e-06,-8.6154178716e-05,-8.1350993132e-05,,,
c2,-4,1.0484833547e-04,6.3680236053e-06,9.7705952649e-05,1.1139509734e-04,,,
c0,-3,3.7614818211e-05,1.2789760149e-06,3.6323001405e-05,3.8767040678e-05,,,
c0,-2,-1.4175139222e-04,1.6220382122e-06,-1.4336335938e-04,-1.4028838719e-04,,,
c0,-1,1.1405480473e-04,1.4667359665e-06,1.1257424805e-04,1.1534745980e-04,,,
c1,-1,-6.0719770772e-05,1.6965745999e-06,-6.2297302356e-05,-5.9004207433e-05,,,
c2,-1,-6.5836458816e-05,3.6555652514e-06,-6.9089647732e-05,-6.2168049626e-05,,,
c0,0,-1.4205990738e-04,1.3652713733e-06,-1.4346895623e-04,-1.4083481568e-04,,,
c1,0,6.0565726017e-05,8.8322667580e-07,5.9658732498e-05,6.1339520325e-05,,,
c2,0,9.6793686680e-05,3.5886639580e-06,9.3585881405e-05,1.0052555823e-04,,,
c0,2,2.4896100513e-04,1.5199900645e-06,2.4747097516e-04,2.5032186997e-04,,,
c1,2,8.2206919615e-05,1.2048603821e-06,8.0991337309e-05,8.3357451076e-05,,,
c0,3,7.5114723586e-05,1.4837258959e-06,7.3614316061e-05,7.6420575788e-05,,,
c0,4,1.5879803686e-04,1.5051607534e-06,1.5731047723e-04,1.6014781431e-04,,,
c1,4,-7.4307419709e-05,1.0721653325e-06,-7.5369923434e-05,-7.3283761158e-05,,,
c0,5,-7.9888628534e-05,2.0352247248e-06,-8.0992034054e-05,-7.8511362663e-05,,,
c1,5,6.8228269811e-05,1.5316868485e-06,6.6845719994e-05,6.9452116441e-05,,,
c0,6,-4.3780719352e-05,1.7762871494e-06,-4.5673054265e-05,-4.1995601787e-05,,,
c0,8,8.8190929091e-05,1.4294008679e-06,8.6774829833e-05,8.9487303630e-05,,,
c0,9,3.0463746953e-05,1.5356023368e-06,2.8953684523e-05,3.1847016362e-05,,,
c0,10,1.8420209381e-04,2.4450323508e-06,1.8167675822e-04,1.8593989313e-04,,,
c0,11,2.5764876045e-04,1.5366582602e-06,2.5613214588e-04,2.5902908412e-04,,,
c1,11,5.3508771089e-05,1.2948484027e-06,5.2258986398e-05,5.4823725950e-05,,,
c0,12,-4.3591414567e-07,1.3547353319e-06,-1.7620153903e-06,8.5495961457e-07,,,
c0,13,-2.0740850596e-04,1.5748569240e-06,-2.0911190833e-04,-2.0613159635e-04,,,
c1,13,5.1847669056e-06,1.0437098581e-06,4.2189288797e-06,6.2300025456e-06,,,
c2,13,8.7444077508e-05,3.9487604226e-06,8.4206672909e-05,9.1652362607e-05,,,
c3,13,6.9710633397e-05,3.6375554373e-06,6.6153591906e-05,7.3142838373e-05,,,
c0,15,-1.4137951803e-04,1.4786975271e-06,-1.4287869097e-04,-1.4009913604e-04,,,
c1,15,-6.4507388743e-05,1.1375950635e-06,-6.5603491093e-05,-6.3430241134e-05,,,
c0,16,4.9526754083e-05,1.3976475657e-06,4.8150023940e-05,5.0788117951e-05,,,
c1,16,-5.9375464843e-05,1.0830538031e-06,-6.0333513538e-05,-5.8334916102e-05,,,
c2,16,6.0759190092e-05,3.3541286939e-06,5.7734054863e-05,6.4078022551e-05,,,
