epoch,tmid,tmid_err,ttv_min,ttv_err_min,snr,npts,chi2
# hurin 0.1.68 | pyhurin.py --KOI-518.02 --chains=8 --fresh
-15,2.1076918602e+02,5.3666369950e-03,6.7413105238e+00,7.7279572727e+00,6.687,83,104.79
-13,2.9877298830e+02,1.0567232632e-02,1.1587043766e+01,1.5216814990e+01,6.150,93,88.05
-11,3.8675216715e+02,9.4334931670e-03,-1.9024957979e+01,1.3584230161e+01,7.713,95,89.98
-10,4.3077824981e+02,1.0648073506e-02,1.8219290211e+01,1.5333225849e+01,8.210,98,125.29
-9,4.7476139154e+02,5.9671619806e-03,-6.3713944250e+00,8.5927132521e+00,7.954,62,56.25
-8,5.1876805930e+02,6.5334170615e-03,2.9154066685e+00,9.4081205686e+00,9.881,98,120.20
-7,5.6274754878e+02,1.3250984276e-02,-2.6934516524e+01,1.9081417357e+01,6.844,97,113.81
-6,6.0676759183e+02,8.8465671394e-03,1.6127013732e+00,1.2739056681e+01,6.848,98,111.86
-5,6.5076989565e+02,8.5823504924e-03,4.6154269662e+00,1.2358584709e+01,7.584,93,91.07
-4,6.9476303103e+02,2.3749859980e-02,-5.5843910813e+00,3.4199798371e+01,4.495,95,139.33
-3,7.3876865635e+02,8.4458471094e-03,2.2012875131e+00,1.2162019838e+01,6.189,98,111.56
-2,7.8276339364e+02,6.9950666435e-03,-5.6917849327e+00,1.0072895967e+01,9.483,89,81.68
-1,8.2677281397e+02,1.1127134144e-02,7.5587162466e+00,1.6023073167e+01,7.575,98,107.39
0,8.7076459807e+02,6.4999265322e-03,-4.5869621311e+00,9.3598942063e+00,6.680,96,109.55
2,9.5877200278e+02,7.5701729230e-03,5.4462751607e+00,1.0901049009e+01,6.872,95,101.08
3,1.0027742012e+03,6.1667039440e-03,8.2971658465e+00,8.8800536794e+00,8.777,89,133.12
4,1.0467689053e+03,6.7038197686e-03,3.5640255108e-01,9.6535004668e+00,8.851,96,109.17
5,1.0907676663e+03,1.9342857263e-02,-1.7425242622e+00,2.7853714459e+01,4.519,91,109.85
6,1.1347640625e+03,1.1781977139e-02,-7.2468048471e+00,1.6966047081e+01,8.648,98,89.68
8,1.2227734080e+03,5.5009125490e-03,5.5811886261e+00,7.9213140706e+00,10.217,101,112.90
9,1.2667708872e+03,4.8492367459e-03,1.6363499790e+00,6.9829009141e+00,8.368,94,96.13
10,1.3107679859e+03,1.4969121013e-02,-2.8562866097e+00,2.1555534259e+01,4.487,93,100.61
11,1.3547730313e+03,7.7049608458e-03,4.0943012957e+00,1.1095143618e+01,7.330,95,87.93
12,1.3987772923e+03,6.7808529771e-03,9.9154047820e+00,9.7644282870e+00,7.641,91,96.15
13,1.4427692651e+03,8.8157717615e-03,-1.9584991025e+00,1.2694711337e+01,6.794,101,67.02
15,1.5307700942e+03,6.5660700662e-03,-1.3941769568e+00,9.4551408953e+00,7.629,89,126.09
16,1.5747661518e+03,7.8115780221e-03,-7.3859726671e+00,1.1248672352e+01,8.638,104,85.70
